asof,contract,ticker,expiry,dte,type,strike,qty,cost,opened,spot,moneyness_pct,bid,ask,mid,last,spread_pct,pnl_per_contract,pnl_pct,pnl_total,breakeven,breakeven_move_pct,iv,delta,gamma,theta,vega,theo,prob_itm,volume,oi,stop,target,time_stop,flags,note,error
2026-09-22T23:19:43Z,VST270115C00160000,VST,2027-01-15,115,C,160.0,1,8.65,2026-09-22,140.41,13.95,7.95,8.5,8.225,8.1,6.7,-0.43,-4.9,-42.5,168.65,20.1,0.4551,0.3806,0.0106,-0.0584,0.301,7.9499,27.8,84,1164,4.30,13.00,2026-12-01,,Quantfolio undervaluation + Q3 earnings; outside the small-account experiment,
2026-09-23T00:15:06Z,VST270115C00160000,VST,2027-01-15,114,C,160.0,1,8.65,2026-09-22,140.41,13.95,7.95,8.5,8.225,8.1,6.7,-0.43,-4.9,-42.5,168.65,20.1,0.4551,0.3806,0.0106,-0.0584,0.301,7.8862,27.7,84,1164,4.30,13.00,2026-12-01,,Quantfolio undervaluation + Q3 earnings; outside the small-account experiment,
2026-09-23T00:53:24Z,VST270115C00160000,VST,2027-01-15,114,C,160.0,1,8.65,2026-09-22,140.41,13.95,7.95,8.5,8.225,8.1,6.7,-0.43,-4.9,-42.5,168.65,20.1,0.4551,0.3806,0.0106,-0.0584,0.301,7.8862,27.7,84,1164,2026-11-05,True,4.30,13.00,2026-12-01,,Quantfolio undervaluation + Q3 earnings; outside the small-account experiment,
2026-09-23T01:17:35Z,VST270115C00160000,VST,2027-01-15,114,C,160.0,1,8.65,2026-09-22,140.41,13.95,7.95,8.5,8.225,8.1,6.7,-0.43,-4.9,-42.5,168.65,20.1,0.4551,0.3806,0.0106,-0.0584,0.301,7.8862,27.7,84,1164,2026-11-05,True,4.30,13.00,2026-12-01,,Quantfolio undervaluation + Q3 earnings; outside the small-account experiment,
2026-09-23T01:22:50Z,VST270115C00160000,VST,2027-01-15,114,C,160.0,1,8.65,2026-09-22,140.41,13.95,7.95,8.5,8.225,8.1,6.7,-0.43,-4.9,-42.5,168.65,20.1,0.4551,0.3806,0.0106,-0.0584,0.301,7.8862,27.7,84,1164,2026-11-05,True,4.30,13.00,2026-12-01,,Quantfolio undervaluation + Q3 earnings; outside the small-account experiment,
2026-09-23T14:48:32Z,VST270115C00160000,VST,2027-01-15,114,C,160.0,1,8.65,2026-09-22,140.41,13.95,7.95,8.5,8.225,8.1,6.7,-0.43,-4.9,-42.5,168.65,20.1,0.4551,0.3806,0.0106,-0.0584,0.301,7.8862,27.7,84,1164,2026-11-05,True,4.30,13.00,2026-12-01,,Quantfolio undervaluation + Q3 earnings; outside the small-account experiment,
2026-09-23T17:59:04Z,VST270115C00160000,VST,2027-01-15,114,C,160.0,1,8.65,2026-09-22,140.41,13.95,7.95,8.5,8.225,8.1,6.7,-0.43,-4.9,-42.5,168.65,20.1,0.4551,0.3806,0.0106,-0.0584,0.301,7.8862,27.7,84,1164,2026-11-05,True,4.30,13.00,2026-12-01,,Quantfolio undervaluation + Q3 earnings; outside the small-account experiment,
2026-09-23T19:38:02Z,VST270115C00160000,VST,2027-01-15,114,C,160.0,1,8.65,2026-09-22,140.41,13.95,7.95,8.5,8.225,8.1,6.7,-0.43,-4.9,-42.5,168.65,20.1,0.4551,0.3806,0.0106,-0.0584,0.301,7.8862,27.7,84,1164,2026-11-05,True,4.30,13.00,2026-12-01,,Quantfolio undervaluation + Q3 earnings; outside the small-account experiment,
2026-09-23T21:51:10Z,VST270115C00160000,VST,2027-01-15,114,C,160.0,1,8.65,2026-09-22,140.41,13.95,7.95,8.5,8.225,8.1,6.7,-0.43,-4.9,-42.5,168.65,20.1,0.4551,0.3806,0.0106,-0.0584,0.301,7.8862,27.7,84,1164,2026-11-05,True,4.30,13.00,2026-12-01,,Quantfolio undervaluation + Q3 earnings; outside the small-account experiment,
2026-09-23T22:03:34Z,VST270115C00160000,VST,2027-01-15,114,C,160.0,1,8.65,2026-09-22,137.97000122070312,15.97,6.8,7.0,6.9,6.9,2.9,-1.75,-20.2,-175.0,168.65,22.2,0.46985393432617195,0.35001,0.01022,-0.06333,0.28561,7.4393,25.9,32,1219,2026-11-05,True,4.30,13.00,2026-12-01,,Quantfolio undervaluation + Q3 earnings; outside the small-account experiment,
2026-09-23T23:01:21Z,VST270115C00160000,VST,2027-01-15,114,C,160.0,1,8.65,2026-09-22,137.97000122070312,15.97,6.8,7.0,6.9,6.9,2.9,-1.75,-20.2,-175.0,168.65,22.2,0.46985393432617195,0.35001,0.01022,-0.06333,0.28561,7.4393,25.9,32,1219,2026-11-05,True,4.30,13.00,2026-12-01,,Quantfolio undervaluation + Q3 earnings; outside the small-account experiment,
2026-09-24T17:59:06Z,VST270115C00160000,VST,2027-01-15,113,C,160.0,1,8.65,2026-09-22,138.7550048828125,15.31,7.0,7.4,7.2,7.19,5.6,-1.45,-16.8,-145.0,168.65,21.5,0.4764456652832031,0.36012,0.01017,-0.06551,0.28887,7.843,26.7,61,1230,2026-11-05,True,4.30,13.00,2026-12-01,,Quantfolio undervaluation + Q3 earnings; outside the small-account experiment,
2026-09-24T19:57:20Z,VST270115C00160000,VST,2027-01-15,113,C,160.0,1,8.65,2026-09-22,137.8800048828125,16.04,6.8,7.3,7.05,7.0,7.1,-1.6,-18.5,-160.0,168.65,22.3,0.48389187988281257,0.35494,0.01003,-0.06566,0.2856,7.744,26.1,79,1230,2026-11-05,True,4.30,13.00,2026-12-01,,Quantfolio undervaluation + Q3 earnings; outside the small-account experiment,
2026-09-24T23:16:49Z,VST270115C00160000,VST,2027-01-15,113,C,160.0,1,8.65,2026-09-22,137.94000244140625,15.99,6.7,7.15,6.925,7.0,6.5,-1.73,-19.9,-172.5,168.65,22.3,0.4776053216552735,0.35242,0.01013,-0.06472,0.28499,7.5859,26.0,79,1230,2026-11-05,True,4.30,13.00,2026-12-01,,Quantfolio undervaluation + Q3 earnings; outside the small-account experiment,
2026-09-25T12:24:35Z,VST270115C00160000,VST,2027-01-15,112,C,160.0,1,8.65,2026-09-22,137.94000244140625,15.99,0.0,0.0,7.0,7.0,,-1.65,-19.1,-165.0,168.65,22.3,0.062509375,5e-05,4e-05,-0.0,0.00014,0.0,0.0,79,1271,2026-11-05,True,4.30,13.00,2026-12-01,,Quantfolio undervaluation + Q3 earnings; outside the small-account experiment,
2026-09-25T18:06:11Z,VST270115C00160000,VST,2027-01-15,112,C,160.0,1,8.65,2026-09-22,136.47500610351562,17.24,6.2,6.5,6.35,6.21,4.7,-2.3,-26.6,-230.0,168.65,23.6,0.4735160070800781,0.3342,0.01017,-0.06241,0.27516,6.9048,24.5,18,1271,2026-11-05,True,4.30,13.00,2026-12-01,,Quantfolio undervaluation + Q3 earnings; outside the small-account experiment,
2026-09-25T19:59:04Z,VST270115C00160000,VST,2027-01-15,112,C,160.0,1,8.65,2026-09-22,138.44000244140625,15.57,6.8,7.25,7.025,7.0,6.4,-1.62,-18.8,-162.5,168.65,21.8,0.47736118347167966,0.35617,0.01018,-0.06547,0.28583,7.691,26.3,76,1271,2026-11-05,True,4.30,13.00,2026-12-01,,Quantfolio undervaluation + Q3 earnings; outside the small-account experiment,
2026-09-25T23:22:22Z,VST270115C00160000,VST,2027-01-15,112,C,160.0,1,8.65,2026-09-22,138.4600067138672,15.56,7.0,7.35,7.175,7.18,4.9,-1.48,-17.1,-147.5,168.65,21.8,0.4805960144042969,0.35796,0.01013,-0.06602,0.28638,7.7907,26.4,78,1271,2026-11-05,True,4.30,13.00,2026-12-01,,Quantfolio undervaluation + Q3 earnings; outside the small-account experiment,
2026-09-28T20:15:38Z,VST270115C00160000,VST,2027-01-15,109,C,160.0,1,8.65,2026-09-22,138.02000427246094,15.93,6.55,6.85,6.7,6.8,4.5,-1.95,-22.5,-195.0,168.65,22.2,0.47437049072265625,0.34666,0.01032,-0.06502,0.27839,7.2633,25.7,13,1304,2026-11-05,True,4.30,13.00,2026-12-01,,Quantfolio undervaluation + Q3 earnings; outside the small-account experiment,
2026-09-28T21:50:22Z,VST270115C00160000,VST,2027-01-15,109,C,160.0,1,8.65,2026-09-22,138.02000427246094,15.93,6.55,6.85,6.7,6.8,4.5,-1.95,-22.5,-195.0,168.65,22.2,0.47437049072265625,0.34666,0.01032,-0.06502,0.27839,7.2633,25.7,13,1304,2026-11-05,True,4.30,13.00,2026-12-01,,Quantfolio undervaluation + Q3 earnings; outside the small-account experiment,
2026-09-29T00:27:49Z,VST270115C00160000,VST,2027-01-15,108,C,160.0,1,8.65,2026-09-22,138.02,15.93,6.55,6.85,6.7,6.8,4.5,-1.95,-22.5,-195.0,168.65,22.2,0.476567734375,0.3465,0.01031,-0.06557,0.27706,7.259,25.7,13,1304,2026-11-05,True,4.30,13.00,2026-12-01,,Quantfolio undervaluation + Q3 earnings; outside the small-account experiment,
2026-09-29T18:54:12Z,VST270115C00160000,VST,2027-01-15,108,C,160.0,1,8.65,2026-09-22,141.30999755859375,13.23,7.45,7.85,7.65,7.68,5.2,-1.0,-11.6,-100.0,168.65,19.3,0.4715629016113281,0.37833,0.01049,-0.06876,0.29228,8.3086,28.6,59,1314,2026-11-05,True,4.30,13.00,2026-12-01,,Quantfolio undervaluation + Q3 earnings; outside the small-account experiment,
2026-09-29T19:29:48Z,VST270115C00160000,VST,2027-01-15,108,C,160.0,1,8.65,2026-09-22,141.0500030517578,13.43,7.9,8.15,8.025,8.0,3.1,-0.62,-7.2,-62.5,168.65,19.6,0.48517360534667964,0.38176,0.01024,-0.07067,0.29255,8.6078,28.6,110,1314,2026-11-05,True,4.30,13.00,2026-12-01,,Quantfolio undervaluation + Q3 earnings; outside the small-account experiment,
2026-09-29T20:40:26Z,VST270115C00160000,VST,2027-01-15,108,C,160.0,1,8.65,2026-09-22,140.8300018310547,13.61,7.75,8.25,8.0,7.9,6.2,-0.65,-7.5,-65.0,168.65,19.8,0.4914601635742188,0.3823,0.01013,-0.07143,0.29221,8.7075,28.5,145,1314,2026-11-05,True,4.30,13.00,2026-12-01,,Quantfolio undervaluation + Q3 earnings; outside the small-account experiment,
2026-09-29T23:49:41Z,VST270115C00160000,VST,2027-01-15,108,C,160.0,1,8.65,2026-09-22,140.8300018310547,13.61,7.75,8.25,8.0,7.9,6.2,-0.65,-7.5,-65.0,168.65,19.8,0.4914601635742188,0.3823,0.01013,-0.07143,0.29221,8.7075,28.5,145,1314,2026-11-05,True,4.30,13.00,2026-12-01,,Quantfolio undervaluation + Q3 earnings; outside the small-account experiment,
2026-09-30T18:36:19Z,VST270115C00160000,VST,2027-01-15,107,C,160.0,1,8.65,2026-09-22,138.1699981689453,15.8,6.6,7.1,6.85,6.8,7.3,-1.8,-20.8,-180.0,168.65,22.1,0.48608912353515626,0.35152,0.0102,-0.06754,0.27753,7.5088,26.0,71,1423,2026-11-06,True,4.30,13.00,2026-12-01,,Quantfolio undervaluation + Q3 earnings; outside the small-account experiment,
2026-09-30T20:44:59Z,VST270115C00160000,VST,2027-01-15,107,C,160.0,1,8.65,2026-09-22,138.35000610351562,15.65,6.7,7.0,6.85,6.7,4.4,-1.8,-20.8,-180.0,168.65,21.9,0.4802298071289062,0.35047,0.0103,-0.0668,0.27759,7.4094,26.0,77,1423,2026-11-06,True,4.30,13.00,2026-12-01,,Quantfolio undervaluation + Q3 earnings; outside the small-account experiment,
2026-10-01T00:00:52Z,VST270115C00160000,VST,2027-01-15,106,C,160.0,1,8.65,2026-09-22,138.35,15.65,6.7,7.0,6.85,6.7,4.4,-1.8,-20.8,-180.0,168.65,21.9,0.48242705078125003,0.35028,0.0103,-0.06736,0.27624,7.4031,26.0,77,1423,2026-11-06,True,4.30,13.00,2026-12-01,,Quantfolio undervaluation + Q3 earnings; outside the small-account experiment,
2026-10-01T00:06:12Z,VST270115C00160000,VST,2027-01-15,106,C,160.0,1,8.65,2026-09-22,138.35,15.65,6.7,7.0,6.85,6.7,4.4,-1.8,-20.8,-180.0,168.65,21.9,0.48242705078125003,0.35028,0.0103,-0.06736,0.27624,7.4031,26.0,77,1423,2026-11-06,True,4.30,13.00,2026-12-01,,Quantfolio undervaluation + Q3 earnings; outside the small-account experiment,
2026-10-01T00:23:39Z,VST270115C00160000,VST,2027-01-15,106,C,160.0,1,8.65,2026-09-22,138.35,15.65,6.7,7.0,6.85,6.7,4.4,-1.8,-20.8,-180.0,168.65,21.9,0.48242705078125003,0.35028,0.0103,-0.06736,0.27624,7.4031,26.0,77,1423,2026-11-06,True,4.30,13.00,2026-12-01,,Quantfolio undervaluation + Q3 earnings; outside the small-account experiment,
2026-10-01T00:51:19Z,VST270115C00160000,VST,2027-01-15,106,C,160.0,1,8.65,2026-09-22,138.35,15.65,6.7,7.0,6.85,6.7,4.4,-1.8,-20.8,-180.0,168.65,21.9,0.48242705078125003,0.35028,0.0103,-0.06736,0.27624,7.4031,26.0,77,1423,2026-11-06,True,4.30,13.00,2026-12-01,,Quantfolio undervaluation + Q3 earnings; outside the small-account experiment,
2026-10-01T00:57:43Z,VST270115C00160000,VST,2027-01-15,106,C,160.0,1,8.65,2026-09-22,138.35,15.65,6.7,7.0,6.85,6.7,4.4,-1.8,-20.8,-180.0,168.65,21.9,0.48242705078125003,0.35028,0.0103,-0.06736,0.27624,7.4031,26.0,77,1423,2026-11-06,True,4.30,13.00,2026-12-01,,Quantfolio undervaluation + Q3 earnings; outside the small-account experiment,
2026-10-01T14:23:43Z,VST270115C00160000,VST,2027-01-15,106,C,160.0,1,8.65,2026-09-22,137.52999877929688,16.34,6.45,7.1,6.775,6.75,9.6,-1.88,-21.7,-187.5,168.65,22.6,0.49622085815429695,0.34872,0.01006,-0.0686,0.27415,7.4961,25.6,16,1433,2026-11-06,True,4.30,13.00,2026-12-01,,Quantfolio undervaluation + Q3 earnings; outside the small-account experiment,
2026-10-01T19:07:16Z,VST270115C00160000,VST,2027-01-15,106,C,160.0,1,8.65,2026-09-22,138.9949951171875,15.11,6.65,7.4,7.025,6.7,10.7,-1.62,-18.8,-162.5,168.65,21.3,0.48901878173828134,0.3601,0.01021,-0.06928,0.28026,7.8157,26.7,35,1433,2026-11-06,True,4.30,13.00,2026-12-01,,Quantfolio undervaluation + Q3 earnings; outside the small-account experiment,
2026-10-01T20:26:43Z,VST270115C00160000,VST,2027-01-15,106,C,160.0,1,8.65,2026-09-22,139.75,14.49,7.0,7.4,7.2,7.0,5.6,-1.45,-16.8,-145.0,168.65,20.7,0.47961946166992186,0.36341,0.01039,-0.06866,0.28266,7.8242,27.2,36,1433,2026-11-06,True,4.30,13.00,2026-12-01,,Quantfolio undervaluation + Q3 earnings; outside the small-account experiment,
