ticker,overlay,add_level,in_pool,contract,expiry,dte,type,strike,moneyness_pct,spot,bid,ask,mid,max_loss,risk_pct_of_account,spread_pct,iv,delta,theta,prob_itm,volume,oi,earnings_date,earnings_in_window,score
TLT,,macro bull/bear 3/5 Hold (bull 3 / bear 5),,TLT261231C00078000,2026-12-31,91,C,78.0,0.42,77.67500305175781,2.3,2.34,2.32,232.0,23.2,1.7,0.16040878662109376,0.54476,-0.01789,51.3,523,4708,,False,52.8
TLT,,macro bull/bear 3/5 Hold (bull 3 / bear 5),,TLT261218C00078000,2026-12-18,78,C,78.0,0.42,77.67500305175781,2.2,2.23,2.215,221.5,22.1,1.4,0.16553568847656253,0.538,-0.01943,50.8,6552,26730,,False,52.4
TLT,,macro bull/bear 3/5 Hold (bull 3 / bear 5),,TLT261130C00078000,2026-11-30,60,C,78.0,0.42,77.67500305175781,1.98,2.02,2.0,200.0,20.0,2.0,0.17163914306640626,0.52762,-0.02217,50.0,506,1401,,False,50.8
TLT,,macro bull/bear 3/5 Hold (bull 3 / bear 5),,TLT270219C00079000,2027-02-19,141,C,79.0,1.71,77.67500305175781,2.4,2.43,2.415,241.5,24.1,1.2,0.1563805065917969,0.51338,-0.01472,47.5,295,2045,,False,50.1
TLT,,macro bull/bear 3/5 Hold (bull 3 / bear 5),,TLT270115C00079000,2027-01-15,106,C,79.0,1.71,77.67500305175781,2.04,2.06,2.05,205.0,20.5,1.0,0.15796740478515625,0.49215,-0.01636,45.8,858,15314,,False,48.2
TLT,,macro bull/bear 3/5 Hold (bull 3 / bear 5),,TLT261231C00079000,2026-12-31,91,C,79.0,1.71,77.67500305175781,1.83,1.87,1.85,185.0,18.5,2.2,0.15796740478515625,0.48063,-0.01726,44.9,288,3168,,False,45.9
TLT,,macro bull/bear 3/5 Hold (bull 3 / bear 5),,TLT270319C00080000,2027-03-19,169,C,80.0,2.99,77.67500305175781,2.21,2.26,2.235,223.5,22.4,2.2,0.15351188293457033,0.47894,-0.01333,43.8,999,12464,,False,45.7
TLT,,macro bull/bear 3/5 Hold (bull 3 / bear 5),,TLT270219C00080000,2027-02-19,141,C,80.0,2.99,77.67500305175781,2.01,2.02,2.015,201.5,20.2,0.5,0.15515981567382814,0.46121,-0.0142,42.3,282,2723,,False,45.6
TLT,,macro bull/bear 3/5 Hold (bull 3 / bear 5),,TLT261218C00079000,2026-12-18,78,C,79.0,1.71,77.67500305175781,1.73,1.76,1.745,174.5,17.4,1.7,0.16272809936523439,0.47066,-0.01869,44.1,6800,5182,,False,45.4
TLT,,macro bull/bear 3/5 Hold (bull 3 / bear 5),,TLT261130P00078000,2026-11-30,60,P,78.0,0.42,77.67500305175781,2.04,2.08,2.06,206.0,20.6,1.9,0.15076532836914067,-0.47217,-0.01153,49.7,182,7455,,False,45.3
TLT,,macro bull/bear 3/5 Hold (bull 3 / bear 5),,TLT261218P00078000,2026-12-18,78,P,78.0,0.42,77.67500305175781,2.48,2.52,2.5,250.0,25.0,1.6,0.16285016845703126,-0.46187,-0.01072,49.2,12134,41745,,False,44.6
TLT,,macro bull/bear 3/5 Hold (bull 3 / bear 5),,TLT261130C00079000,2026-11-30,60,C,79.0,1.71,77.67500305175781,1.51,1.54,1.525,152.5,15.2,2.0,0.16724465576171876,0.45281,-0.02105,42.6,647,2762,,False,43.3
TLT,,macro bull/bear 3/5 Hold (bull 3 / bear 5),,TLT270115C00080000,2027-01-15,106,C,80.0,2.99,77.67500305175781,1.63,1.64,1.635,163.5,16.4,0.6,0.15528188476562502,0.4318,-0.01551,39.9,14811,67473,,False,42.6
TLT,,macro bull/bear 3/5 Hold (bull 3 / bear 5),,TLT270319C00081000,2027-03-19,169,C,81.0,4.28,77.67500305175781,1.85,1.88,1.865,186.5,18.6,1.6,0.1518639501953125,0.43065,-0.01273,39.0,137,10204,,False,41.5
TLT,,macro bull/bear 3/5 Hold (bull 3 / bear 5),,TLT261218C00080000,2026-12-18,78,C,80.0,2.99,77.67500305175781,1.34,1.35,1.345,134.5,13.5,0.7,0.15943223388671873,0.40232,-0.01745,37.4,13600,43781,,False,39.5
TLT,,macro bull/bear 3/5 Hold (bull 3 / bear 5),,TLT261231C00080000,2026-12-31,91,C,80.0,2.99,77.67500305175781,1.44,1.47,1.455,145.5,14.5,2.1,0.15589223022460938,0.41611,-0.01631,38.6,3842,6985,,False,39.5
TLT,,macro bull/bear 3/5 Hold (bull 3 / bear 5),,TLT270219C00081000,2027-02-19,141,C,81.0,4.28,77.67500305175781,1.62,1.65,1.635,163.5,16.4,1.8,0.1534508483886719,0.40913,-0.01346,37.3,103,16587,,False,39.1
TLT,,macro bull/bear 3/5 Hold (bull 3 / bear 5),,TLT261218P00077000,2026-12-18,78,P,77.0,-0.87,77.67500305175781,2.01,2.05,2.03,203.0,20.3,2.0,0.1651694812011719,-0.39572,-0.01109,42.5,3939,35396,,False,37.6
TLT,,macro bull/bear 3/5 Hold (bull 3 / bear 5),,TLT261231P00077000,2026-12-31,91,P,77.0,-0.87,77.67500305175781,2.12,2.16,2.14,214.0,21.4,1.9,0.16028671752929688,-0.39217,-0.00959,42.3,318,1933,,False,37.3
TLT,,macro bull/bear 3/5 Hold (bull 3 / bear 5),,TLT270115P00077000,2027-01-15,106,P,77.0,-0.87,77.67500305175781,2.25,2.29,2.27,227.0,22.7,1.8,0.1563805065917969,-0.38838,-0.00832,42.1,1138,63405,,False,37.0
TLT,,macro bull/bear 3/5 Hold (bull 3 / bear 5),,TLT261130P00077000,2026-11-30,60,P,77.0,-0.87,77.67500305175781,1.58,1.62,1.6,160.0,16.0,2.5,0.1538170556640625,-0.39105,-0.01202,41.5,128,2099,,False,36.6
TLT,,macro bull/bear 3/5 Hold (bull 3 / bear 5),,TLT270319C00082000,2027-03-19,169,C,82.0,5.57,77.67500305175781,1.53,1.57,1.55,155.0,15.5,2.6,0.1514977429199219,0.38421,-0.0121,34.5,860,10918,,False,35.8
TLT,,macro bull/bear 3/5 Hold (bull 3 / bear 5),,TLT270115C00081000,2027-01-15,106,C,81.0,4.28,77.67500305175781,1.28,1.3,1.29,129.0,12.9,1.6,0.15393912475585939,0.37306,-0.01451,34.2,1129,9174,,False,35.7
TLT,,macro bull/bear 3/5 Hold (bull 3 / bear 5),,TLT261130C00080000,2026-11-30,60,C,80.0,2.99,77.67500305175781,1.12,1.15,1.135,113.5,11.3,2.6,0.16431499755859375,0.37802,-0.01947,35.3,1142,4737,,False,35.2
TLT,,macro bull/bear 3/5 Hold (bull 3 / bear 5),,TLT270219C00082000,2027-02-19,141,C,82.0,5.57,77.67500305175781,1.32,1.35,1.335,133.5,13.4,2.2,0.15284050292968754,0.35933,-0.01265,32.4,48,6771,,False,33.7
TLT,,macro bull/bear 3/5 Hold (bull 3 / bear 5),,TLT261231C00081000,2026-12-31,91,C,81.0,4.28,77.67500305175781,1.11,1.14,1.125,112.5,11.2,2.7,0.1544274011230469,0.35357,-0.01509,32.5,269,1899,,False,32.7
