contract,ticker,expiry,dte,type,strike,moneyness_pct,spot,bid,ask,mid,last,spread_pct,iv,delta,gamma,theta,vega,theo,prob_itm,volume,oi
CCL261009C00017000,CCL,2026-10-09,17,C,17.0,-23.84,22.32,5.05,6.3,5.675,5.05,22.0,1.1609,0.9628,0.0229,-0.0077,0.004,5.6883,83.4,0,11
CCL261009P00017000,CCL,2026-10-09,17,P,17.0,-23.84,22.32,0.0,0.11,0.03,0.03,,0.6451,-0.0379,0.023,-0.0083,0.004,0.0249,2.9,0,23
CCL261009C00017500,CCL,2026-10-09,17,C,17.5,-21.59,22.32,4.0,6.2,5.1,0.0,43.1,0.9881,0.9542,0.0286,-0.0087,0.0047,5.1133,85.2,0,0
CCL261009P00017500,CCL,2026-10-09,17,P,17.5,-21.59,22.32,0.0,0.3,,0.0,,0.8453,-0.0466,0.0287,-0.0093,0.0047,0.1489,10.5,0,0
CCL261009C00018000,CCL,2026-10-09,17,C,18.0,-19.35,22.32,3.9,5.7,4.8,5.05,37.5,1.0959,0.9426,0.0361,-0.0101,0.0056,4.8122,78.8,0,41
CCL261009P00018000,CCL,2026-10-09,17,P,18.0,-19.35,22.32,0.0,0.59,0.07,0.07,,0.9377,-0.0582,0.0362,-0.0106,0.0056,0.2927,16.6,0,5
CCL261009C00018500,CCL,2026-10-09,17,C,18.5,-17.11,22.32,3.6,5.1,4.35,0.0,34.5,1.0426,0.9268,0.0458,-0.0117,0.0068,4.3616,76.7,0,0
CCL261009P00018500,CCL,2026-10-09,17,P,18.5,-17.11,22.32,0.0,0.56,,0.0,,0.8375,-0.0741,0.046,-0.0122,0.0068,0.2776,16.9,0,0
CCL261009C00019000,CCL,2026-10-09,17,C,19.0,-14.87,22.32,3.15,4.65,3.9,3.1,38.5,0.9849,0.9048,0.0584,-0.0138,0.0082,3.911,74.5,0,10
CCL261009P00019000,CCL,2026-10-09,17,P,19.0,-14.87,22.32,0.08,0.23,0.155,0.09,96.8,0.6252,-0.0962,0.0587,-0.0143,0.0083,0.1532,12.7,9,118
CCL261009C00019500,CCL,2026-10-09,17,C,19.5,-12.63,22.32,2.65,4.2,3.425,0.0,45.3,0.9051,0.8744,0.0739,-0.0165,0.01,3.4354,72.7,0,0
CCL261009P00019500,CCL,2026-10-09,17,P,19.5,-12.63,22.32,0.13,0.2,0.165,0.0,42.4,0.5613,-0.1268,0.0743,-0.0169,0.0101,0.1629,14.2,0,0
CCL261009C00020000,CCL,2026-10-09,17,C,20.0,-10.39,22.32,2.03,3.6,2.815,2.28,55.8,0.7304,0.8335,0.0916,-0.0197,0.0121,2.8253,73.5,0,79
CCL261009P00020000,CCL,2026-10-09,17,P,20.0,-10.39,22.32,0.2,0.31,0.255,0.26,43.1,0.5655,-0.168,0.0922,-0.0201,0.0122,0.2516,19.7,0,98
CCL261009C00020500,CCL,2026-10-09,17,C,20.5,-8.15,22.32,1.73,3.1,2.415,2.32,56.7,0.7003,0.7815,0.11,-0.0231,0.0142,2.4244,69.1,30,0
CCL261009P00020500,CCL,2026-10-09,17,P,20.5,-8.15,22.32,0.29,0.4,0.345,0.31,31.9,0.5484,-0.2203,0.1106,-0.0234,0.0143,0.3404,25.0,2,0
CCL261009C00021000,CCL,2026-10-09,17,C,21.0,-5.91,22.32,1.59,2.16,1.875,1.76,30.4,0.5747,0.7197,0.1268,-0.0263,0.0163,1.8838,67.2,9,30
CCL261009P00021000,CCL,2026-10-09,17,P,21.0,-5.91,22.32,0.41,0.54,0.475,0.44,27.4,0.5401,-0.2825,0.1276,-0.0266,0.0163,0.4686,31.5,11,329
CCL261009C00021500,CCL,2026-10-09,17,C,21.5,-3.67,22.32,1.27,2.7,1.985,0.0,72.0,0.8096,0.6505,0.1402,-0.0289,0.0178,1.9922,55.5,0,0
CCL261009P00021500,CCL,2026-10-09,17,P,21.5,-3.67,22.32,0.59,0.72,0.655,0.65,19.8,0.5413,-0.3522,0.1412,-0.0292,0.0179,0.6466,39.1,8,0
CCL261009C00022000,CCL,2026-10-09,17,C,22.0,-1.43,22.32,1.04,1.35,1.195,1.41,25.9,0.5307,0.5768,0.1489,-0.0305,0.0189,1.2017,53.4,6,111
CCL261009P00022000,CCL,2026-10-09,17,P,22.0,-1.43,22.32,0.79,0.97,0.88,0.78,20.5,0.5458,-0.4265,0.1501,-0.0308,0.0189,0.8692,46.8,6,252
CCL261009C00022500,CCL,2026-10-09,17,C,22.5,0.81,22.32,0.96,1.07,1.015,1.0,10.8,0.5649,0.5013,0.1522,-0.031,0.0192,1.0206,45.6,449,887
CCL261009P00022500,CCL,2026-10-09,17,P,22.5,0.81,22.32,1.04,1.22,1.13,1.13,15.9,0.5431,-0.5026,0.1536,-0.0312,0.0192,1.1168,54.4,12,2
CCL261009C00023000,CCL,2026-10-09,17,C,23.0,3.05,22.32,0.69,0.86,0.775,0.72,21.9,0.5484,0.4271,0.15,-0.0304,0.0189,0.7797,38.3,67,433
CCL261009P00023000,CCL,2026-10-09,17,P,23.0,3.05,22.32,0.84,1.57,1.205,1.23,60.6,0.4264,-0.5775,0.1515,-0.0306,0.0188,1.1879,63.8,7,181
CCL261009C00023500,CCL,2026-10-09,17,C,23.5,5.29,22.32,0.5,0.66,0.58,0.51,27.6,0.5364,0.357,0.1426,-0.0288,0.018,0.5839,31.3,10,6
CCL261009P00023500,CCL,2026-10-09,17,P,23.5,5.29,22.32,1.29,2.21,1.75,1.55,52.6,0.5426,-0.6484,0.1443,-0.029,0.0178,1.7313,68.5,2,0
CCL261009C00024000,CCL,2026-10-09,17,C,24.0,7.53,22.32,0.42,0.52,0.47,0.45,21.3,0.5545,0.2932,0.1312,-0.0266,0.0166,0.4733,25.8,244,490
CCL261009P00024000,CCL,2026-10-09,17,P,24.0,7.53,22.32,1.67,2.36,2.015,1.85,34.2,0.4825,-0.713,0.133,-0.0267,0.0164,1.9915,76.8,9,197
CCL261009C00024500,CCL,2026-10-09,17,C,24.5,9.77,22.32,0.28,0.41,0.345,0.32,37.7,0.5475,0.2376,0.1171,-0.0239,0.0149,0.3476,20.3,0,1
CCL261009P00024500,CCL,2026-10-09,17,P,24.5,9.77,22.32,1.64,3.05,2.345,0.0,60.1,0.4249,-0.7695,0.1191,-0.024,0.0146,2.3142,85.1,0,0
CCL261009C00025000,CCL,2026-10-09,17,C,25.0,12.01,22.32,0.2,0.33,0.265,0.26,49.1,0.5546,0.1907,0.1021,-0.0211,0.0131,0.2672,16.1,292,2644
CCL261009P00025000,CCL,2026-10-09,17,P,25.0,12.01,22.32,2.4,3.25,2.825,2.83,30.1,0.4644,-0.8171,0.1042,-0.0212,0.0128,2.7916,87.8,1,81
CCL261009C00025500,CCL,2026-10-09,17,C,25.5,14.25,22.32,0.14,0.26,0.2,0.18,60.0,0.5593,0.1525,0.0873,-0.0184,0.0114,0.2019,12.5,22,5
CCL261009P00025500,CCL,2026-10-09,17,P,25.5,14.25,22.32,2.3,4.35,3.325,0.0,61.7,0.5186,-0.8561,0.0896,-0.0185,0.0109,3.2904,89.1,0,0
CCL261009C00026000,CCL,2026-10-09,17,C,26.0,16.49,22.32,0.1,0.19,0.145,0.15,62.1,0.5587,0.122,0.0737,-0.0159,0.0098,0.1465,9.5,180,249
CCL261009P00026000,CCL,2026-10-09,17,P,26.0,16.49,22.32,2.97,4.95,3.96,3.95,50.0,0.6962,-0.8874,0.0762,-0.016,0.0091,3.9304,86.0,1,34
CCL261009C00026500,CCL,2026-10-09,17,C,26.5,18.73,22.32,0.03,0.29,0.16,0.15,162.5,0.624,0.0981,0.0618,-0.0138,0.0084,0.1616,9.2,5,1
CCL261009P00026500,CCL,2026-10-09,17,P,26.5,18.73,22.32,2.98,5.5,4.24,0.0,59.4,0.4938,-0.912,0.0646,-0.0139,0.0077,4.1917,95.0,0,0
CCL261009C00027000,CCL,2026-10-09,17,C,27.0,20.97,22.32,0.0,0.18,0.09,0.09,,0.5837,0.0794,0.0517,-0.0119,0.0071,0.0912,5.9,8,196
CCL261009P00027000,CCL,2026-10-09,17,P,27.0,20.97,22.32,3.45,5.9,4.675,4.81,52.4,0.0,-0.9315,0.0547,-0.0122,0.0063,,,0,31
CCL261009C00027500,CCL,2026-10-09,17,C,27.5,23.21,22.32,0.0,0.78,,0.0,,0.9324,0.0647,0.0432,-0.0104,0.0061,0.3921,13.0,0,0
CCL261009P00027500,CCL,2026-10-09,17,P,27.5,23.21,22.32,3.9,6.45,5.175,0.0,49.3,0.0,-0.9468,0.0461,-0.0106,0.0051,,,0,0
CCL261016C00017000,CCL,2026-10-16,24,C,17.0,-23.84,22.32,5.05,6.6,5.825,11.68,26.6,1.0951,0.963,0.0228,-0.0053,0.0047,5.8354,79.9,0,47
CCL261016P00017000,CCL,2026-10-16,24,P,17.0,-23.84,22.32,0.0,0.06,0.04,0.04,,0.561,-0.0379,0.0229,-0.0059,0.0047,0.03,3.3,5,369
CCL261016C00017500,CCL,2026-10-16,24,C,17.5,-21.59,22.32,4.6,6.1,5.35,0.0,28.0,1.0318,0.9529,0.0289,-0.0064,0.0057,5.36,78.7,0,0
CCL261016P00017500,CCL,2026-10-16,24,P,17.5,-21.59,22.32,0.0,0.12,0.05,0.05,,0.5796,-0.048,0.029,-0.0069,0.0058,0.0598,5.7,4,0
CCL261016C00018000,CCL,2026-10-16,24,C,18.0,-19.35,22.32,4.1,5.65,4.875,4.3,31.8,0.9676,0.9392,0.0368,-0.0076,0.007,4.8845,77.4,0,159
CCL261016P00018000,CCL,2026-10-16,24,P,18.0,-19.35,22.32,0.02,0.28,0.15,0.06,173.3,0.5055,-0.0618,0.037,-0.0081,0.007,0.0498,5.3,1,3711
CCL261016C00018500,CCL,2026-10-16,24,C,18.5,-17.11,22.32,3.65,5.15,4.4,0.0,34.1,0.9025,0.9204,0.0469,-0.0092,0.0086,4.4089,76.0,0,0
CCL261016P00018500,CCL,2026-10-16,24,P,18.5,-17.11,22.32,0.0,0.19,,0.0,,0.5214,-0.0807,0.0472,-0.0097,0.0086,0.0943,8.7,0,0
CCL261016C00019000,CCL,2026-10-16,24,C,19.0,-14.87,22.32,3.2,4.15,3.675,3.44,25.9,0.6648,0.8946,0.0594,-0.0112,0.0105,3.6841,80.9,0,175
CCL261016P00019000,CCL,2026-10-16,24,P,19.0,-14.87,22.32,0.14,0.2,0.17,0.1,35.3,0.5428,-0.1066,0.0598,-0.0116,0.0106,0.1684,13.4,2,479
CCL261016C00019500,CCL,2026-10-16,24,C,19.5,-12.63,22.32,2.85,3.75,3.3,0.0,27.3,0.6757,0.8605,0.0738,-0.0135,0.0128,3.3082,76.1,0,0
CCL261016P00019500,CCL,2026-10-16,24,P,19.5,-12.63,22.32,0.18,0.3,0.24,0.0,50.0,0.5362,-0.141,0.0743,-0.0139,0.0129,0.2376,17.5,0,0
CCL261016C00020000,CCL,2026-10-16,24,C,20.0,-10.39,22.32,2.23,2.82,2.525,2.73,23.4,0.4096,0.8175,0.0891,-0.0161,0.0152,2.5337,84.6,46,930
CCL261016P00020000,CCL,2026-10-16,24,P,20.0,-10.39,22.32,0.26,0.35,0.305,0.3,29.5,0.5125,-0.1843,0.0897,-0.0165,0.0153,0.3017,21.5,123,4030
CCL261016C00020500,CCL,2026-10-16,24,C,20.5,-8.15,22.32,2.04,3.25,2.645,0.0,45.7,0.7038,0.7662,0.104,-0.0186,0.0176,2.6517,65.4,0,0
CCL261016P00020500,CCL,2026-10-16,24,P,20.5,-8.15,22.32,0.36,0.47,0.415,0.4,26.5,0.5051,-0.236,0.1048,-0.019,0.0177,0.4105,27.0,5,0
CCL261016C00021000,CCL,2026-10-16,24,C,21.0,-5.91,22.32,1.69,2.4,2.045,1.95,34.7,0.5632,0.708,0.1174,-0.0208,0.0197,2.0514,64.4,0,400
CCL261016P00021000,CCL,2026-10-16,24,P,21.0,-5.91,22.32,0.5,0.6,0.55,0.56,18.2,0.4963,-0.2947,0.1184,-0.0212,0.0198,0.544,33.1,340,1965
CCL261016C00021500,CCL,2026-10-16,24,C,21.5,-3.67,22.32,1.42,2.4,1.91,0.0,51.3,0.6417,0.6444,0.1281,-0.0226,0.0213,1.9153,56.4,0,0
CCL261016P00021500,CCL,2026-10-16,24,P,21.5,-3.67,22.32,0.67,0.81,0.74,0.52,18.9,0.4989,-0.3588,0.1293,-0.0228,0.0214,0.732,40.2,2,1
CCL261016C00022000,CCL,2026-10-16,24,C,22.0,-1.43,22.32,1.27,1.38,1.325,1.33,8.3,0.4998,0.5773,0.1354,-0.0236,0.0224,1.3297,52.8,484,3244
CCL261016P00022000,CCL,2026-10-16,24,P,22.0,-1.43,22.32,0.88,1.0,0.94,1.0,12.8,0.49,-0.4266,0.1367,-0.0239,0.0224,0.9299,47.1,488,5822
CCL261016C00022500,CCL,2026-10-16,24,C,22.5,0.81,22.32,0.99,1.21,1.1,1.1,20.0,0.5085,0.5086,0.1385,-0.024,0.0228,1.1039,45.8,186,345
CCL261016P00022500,CCL,2026-10-16,24,P,22.5,0.81,22.32,1.12,1.25,1.185,1.21,11.0,0.4855,-0.496,0.1401,-0.0242,0.0228,1.1723,54.2,173,30
CCL261016C00023000,CCL,2026-10-16,24,C,23.0,3.05,22.32,0.8,0.91,0.855,0.88,12.9,0.4934,0.4408,0.1374,-0.0236,0.0226,0.8583,39.0,3302,8119
CCL261016P00023000,CCL,2026-10-16,24,P,23.0,3.05,22.32,1.41,1.6,1.505,1.25,12.6,0.4987,-0.5647,0.1393,-0.0239,0.0225,1.4898,61.0,166,3317
CCL261016C00023500,CCL,2026-10-16,24,C,23.5,5.29,22.32,0.6,0.78,0.69,0.72,26.1,0.4992,0.3763,0.1322,-0.0227,0.0217,0.6924,32.8,30,5
CCL261016P00023500,CCL,2026-10-16,24,P,23.5,5.29,22.32,1.69,2.11,1.9,1.72,22.1,0.5323,-0.6301,0.1343,-0.023,0.0215,1.8829,66.5,0,1
CCL261016C00024000,CCL,2026-10-16,24,C,24.0,7.53,22.32,0.47,0.6,0.535,0.56,24.3,0.5157,0.3163,0.1239,-0.0213,0.0204,0.5771,27.6,820,10504
CCL261016P00024000,CCL,2026-10-16,24,P,24.0,7.53,22.32,1.98,2.38,2.18,2.04,18.3,0.4985,-0.6912,0.1262,-0.0215,0.0201,2.159,72.9,41,6196
CCL261016C00024500,CCL,2026-10-16,24,C,24.5,9.77,22.32,0.36,0.47,0.415,0.44,26.5,0.4968,0.2624,0.1131,-0.0195,0.0187,0.4168,21.9,28,63
CCL261016P00024500,CCL,2026-10-16,24,P,24.5,9.77,22.32,2.08,2.78,2.43,0.0,28.8,0.4227,-0.7461,0.1156,-0.0197,0.0183,2.4011,81.3,0,0
CCL261016C00025000,CCL,2026-10-16,24,C,25.0,12.01,22.32,0.3,0.37,0.335,0.32,20.9,0.5075,0.2153,0.101,-0.0175,0.0168,0.3365,18.0,998,8080
CCL261016P00025000,CCL,2026-10-16,24,P,25.0,12.01,22.32,2.61,3.15,2.88,3.02,18.8,0.4416,-0.7945,0.1037,-0.0176,0.0163,2.8461,85.0,55,2971
CCL261016C00025500,CCL,2026-10-16,24,C,25.5,14.25,22.32,0.2,0.3,0.25,0.21,40.0,0.5041,0.1754,0.0885,-0.0155,0.0148,0.2514,14.1,22,67
CCL261016P00025500,CCL,2026-10-16,24,P,25.5,14.25,22.32,3.2,3.65,3.425,2.9,13.1,0.5227,-0.8355,0.0914,-0.0156,0.0141,3.3921,85.1,14,1
CCL261016C00026000,CCL,2026-10-16,24,C,26.0,16.49,22.32,0.17,0.26,0.215,0.17,41.9,0.5254,0.1421,0.0764,-0.0135,0.0129,0.2163,11.9,264,2799
CCL261016P00026000,CCL,2026-10-16,24,P,26.0,16.49,22.32,3.5,4.1,3.8,3.54,15.8,0.4672,-0.8698,0.0795,-0.0136,0.012,3.7567,90.5,28,1761
CCL261016C00026500,CCL,2026-10-16,24,C,26.5,18.73,22.32,0.11,0.16,0.135,0.17,37.0,0.4999,0.115,0.0652,-0.0117,0.0112,0.136,8.3,11,24
CCL261016P00026500,CCL,2026-10-16,24,P,26.5,18.73,22.32,3.45,4.6,4.025,4.37,28.6,0.0,-0.8979,0.0686,-0.0119,0.0102,,,4,0
CCL261016C00027000,CCL,2026-10-16,24,C,27.0,20.97,22.32,0.09,0.15,0.12,0.11,50.0,0.5236,0.0931,0.0552,-0.0101,0.0096,0.121,7.1,78,2402
CCL261016P00027000,CCL,2026-10-16,24,P,27.0,20.97,22.32,4.45,5.0,4.725,4.55,11.6,0.4324,-0.921,0.059,-0.0103,0.0084,4.6596,96.0,25,4241
CCL261016C00027500,CCL,2026-10-16,24,C,27.5,23.21,22.32,0.02,0.14,0.08,0.1,150.0,0.5119,0.0756,0.0465,-0.0087,0.0082,0.0809,5.1,14,6
CCL261016P00027500,CCL,2026-10-16,24,P,27.5,23.21,22.32,4.0,5.6,4.8,0.0,33.3,0.0,-0.9397,0.0506,-0.009,0.0067,,,0,0
CCL261023C00017000,CCL,2026-10-23,31,C,17.0,-23.84,22.32,5.15,6.65,5.9,0.0,25.4,1.0106,0.9546,0.0251,-0.0051,0.0063,5.9123,78.5,0,0
CCL261023P00017000,CCL,2026-10-23,31,P,17.0,-23.84,22.32,0.0,0.95,0.23,0.23,,0.9669,-0.046,0.0252,-0.0058,0.0063,0.4728,20.1,0,26
CCL261023C00018000,CCL,2026-10-23,31,C,18.0,-19.35,22.32,4.1,5.7,4.9,0.0,32.7,0.8616,0.9282,0.0391,-0.0071,0.009,4.9113,77.2,0,0
CCL261023P00018000,CCL,2026-10-23,31,P,18.0,-19.35,22.32,0.08,0.23,0.155,0.1,96.8,0.5778,-0.0726,0.0393,-0.0077,0.009,0.1538,11.2,2,90
CCL261023C00019000,CCL,2026-10-23,31,C,19.0,-14.87,22.32,2.68,4.8,3.74,4.69,56.7,0.6206,0.8812,0.0603,-0.01,0.013,3.7507,79.4,0,1
CCL261023P00019000,CCL,2026-10-23,31,P,19.0,-14.87,22.32,0.17,0.22,0.195,0.18,25.6,0.4993,-0.12,0.0607,-0.0105,0.0131,0.193,14.5,3,20
CCL261023C00020000,CCL,2026-10-23,31,C,20.0,-10.39,22.32,2.39,3.45,2.92,2.77,36.3,0.5831,0.805,0.0866,-0.0138,0.018,2.9291,71.9,0,27
CCL261023P00020000,CCL,2026-10-23,31,P,20.0,-10.39,22.32,0.32,0.41,0.365,0.35,24.7,0.4869,-0.1968,0.0873,-0.0142,0.0181,0.3609,23.4,19,81
CCL261023C00021000,CCL,2026-10-23,31,C,21.0,-5.91,22.32,1.73,2.56,2.145,2.07,38.7,0.5353,0.7007,0.1112,-0.0173,0.0226,2.1526,63.1,0,4
CCL261023P00021000,CCL,2026-10-23,31,P,21.0,-5.91,22.32,0.57,0.68,0.625,0.6,17.6,0.4723,-0.302,0.1123,-0.0176,0.0227,0.618,34.5,61,76
CCL261023C00022000,CCL,2026-10-23,31,C,22.0,-1.43,22.32,1.26,1.56,1.41,1.36,21.3,0.4702,0.5777,0.1269,-0.0194,0.0254,1.416,52.5,215,189
CCL261023P00022000,CCL,2026-10-23,31,P,22.0,-1.43,22.32,0.97,1.11,1.04,1.05,13.5,0.473,-0.4263,0.1284,-0.0196,0.0255,1.0285,47.6,112,185
CCL261023C00023000,CCL,2026-10-23,31,C,23.0,3.05,22.32,0.93,1.05,0.99,0.95,12.1,0.4844,0.4499,0.1291,-0.0195,0.0257,0.9944,39.8,46,180
CCL261023P00023000,CCL,2026-10-23,31,P,23.0,3.05,22.32,1.56,1.84,1.7,1.55,16.5,0.5181,-0.5559,0.1311,-0.0197,0.0256,1.6834,59.9,221,217
CCL261023C00024000,CCL,2026-10-23,31,C,24.0,7.53,22.32,0.59,0.78,0.685,0.67,27.7,0.4986,0.3324,0.1181,-0.0179,0.0236,0.6883,29.2,96,245
CCL261023P00024000,CCL,2026-10-23,31,P,24.0,7.53,22.32,1.79,2.56,2.175,1.93,35.4,0.4403,-0.6754,0.1206,-0.0181,0.0233,2.1495,72.7,5,47
CCL261023C00025000,CCL,2026-10-23,31,C,25.0,12.01,22.32,0.34,0.48,0.41,0.43,34.1,0.4834,0.2364,0.099,-0.0153,0.0201,0.4124,19.7,105,145
CCL261023P00025000,CCL,2026-10-23,31,P,25.0,12.01,22.32,2.42,3.35,2.885,2.8,32.2,0.3977,-0.7738,0.102,-0.0155,0.0195,2.8456,84.3,0,28
CCL261023C00026000,CCL,2026-10-23,31,C,26.0,16.49,22.32,0.2,0.33,0.265,0.26,49.1,0.493,0.165,0.0779,-0.0126,0.0162,0.2669,13.3,120,76
CCL261023P00026000,CCL,2026-10-23,31,P,26.0,16.49,22.32,2.58,5.1,3.84,3.5,65.6,0.4508,-0.8474,0.0812,-0.0126,0.0153,3.7934,88.5,0,9
CCL261023C00027000,CCL,2026-10-23,31,C,27.0,20.97,22.32,0.12,0.24,0.18,0.16,66.7,0.5105,0.1152,0.0593,-0.01,0.0127,0.1816,9.2,98,38
CCL261023P00027000,CCL,2026-10-23,31,P,27.0,20.97,22.32,3.45,6.05,4.75,4.77,54.7,0.4357,-0.8993,0.063,-0.0101,0.0114,4.6854,93.8,0,1
CCL261030C00017000,CCL,2026-10-30,38,C,17.0,-23.84,22.32,5.0,6.85,5.925,0.0,31.2,0.9286,0.9405,0.0283,-0.0058,0.0086,5.9479,78.0,0,0
CCL261030P00017000,CCL,2026-10-30,38,P,17.0,-23.84,22.32,0.0,0.48,,0.0,,0.7035,-0.06,0.0285,-0.0064,0.0086,0.2376,13.5,0,0
CCL261030C00018000,CCL,2026-10-30,38,C,18.0,-19.35,22.32,4.0,5.8,4.9,0.0,36.7,0.778,0.9095,0.042,-0.0078,0.0118,4.9215,77.3,0,0
CCL261030P00018000,CCL,2026-10-30,38,P,18.0,-19.35,22.32,0.0,0.75,0.17,0.17,,0.684,-0.0912,0.0423,-0.0083,0.0118,0.3709,18.9,0,1
CCL261030C00019000,CCL,2026-10-30,38,C,19.0,-14.87,22.32,3.0,4.95,3.975,4.2,49.1,0.6848,0.8586,0.0608,-0.0104,0.0162,3.9948,73.8,1,1
CCL261030P00019000,CCL,2026-10-30,38,P,19.0,-14.87,22.32,0.05,0.35,0.2,0.21,150.0,0.455,-0.1425,0.0612,-0.0108,0.0163,0.1965,14.6,113,17
CCL261030C00020000,CCL,2026-10-30,38,C,20.0,-10.39,22.32,2.54,3.45,2.995,3.3,30.4,0.5599,0.7834,0.0821,-0.0135,0.0212,3.0129,70.5,3,13
CCL261030P00020000,CCL,2026-10-30,38,P,20.0,-10.39,22.32,0.34,0.64,0.49,0.36,61.2,0.5011,-0.2184,0.0828,-0.0138,0.0212,0.4824,26.6,130,29
CCL261030C00021000,CCL,2026-10-30,38,C,21.0,-5.91,22.32,1.93,2.71,2.32,2.17,33.6,0.5507,0.6869,0.1012,-0.0161,0.0255,2.3353,60.9,0,124
CCL261030P00021000,CCL,2026-10-30,38,P,21.0,-5.91,22.32,0.56,1.06,0.81,0.67,61.7,0.5001,-0.3159,0.1022,-0.0164,0.0256,0.7978,37.3,33,83
CCL261030C00022000,CCL,2026-10-30,38,C,22.0,-1.43,22.32,1.39,1.86,1.625,1.63,28.9,0.5002,0.5763,0.1136,-0.0177,0.0282,1.6375,51.4,11,74
CCL261030P00022000,CCL,2026-10-30,38,P,22.0,-1.43,22.32,1.06,1.22,1.14,1.17,14.0,0.4634,-0.4278,0.115,-0.0179,0.0282,1.1223,48.0,5,103
CCL261030C00023000,CCL,2026-10-30,38,C,23.0,3.05,22.32,0.97,1.4,1.185,1.13,36.3,0.5051,0.4616,0.1163,-0.0178,0.0286,1.1948,40.5,63,67
CCL261030P00023000,CCL,2026-10-30,38,P,23.0,3.05,22.32,1.39,1.87,1.63,1.7,29.4,0.4442,-0.5442,0.1182,-0.018,0.0285,1.605,59.9,0,39
CCL261030C00024000,CCL,2026-10-30,38,C,24.0,7.53,22.32,0.59,0.9,0.745,0.79,41.6,0.4723,0.3536,0.1093,-0.0166,0.0268,0.7523,30.0,29,38
CCL261030P00024000,CCL,2026-10-30,38,P,24.0,7.53,22.32,1.92,2.68,2.3,2.52,33.0,0.4472,-0.6542,0.1116,-0.0168,0.0264,2.2656,70.8,0,13
CCL261030C00025000,CCL,2026-10-30,38,C,25.0,12.01,22.32,0.4,0.56,0.48,0.5,33.3,0.4669,0.2614,0.0951,-0.0145,0.0234,0.4854,21.2,10,363
CCL261030P00025000,CCL,2026-10-30,38,P,25.0,12.01,22.32,2.63,3.7,3.165,2.88,33.8,0.493,-0.7487,0.098,-0.0147,0.0229,3.1231,77.8,16,8
CCL261030C00026000,CCL,2026-10-30,38,C,26.0,16.49,22.32,0.2,0.51,0.355,0.35,87.3,0.4924,0.1893,0.0781,-0.0122,0.0195,0.3593,15.5,7,254
CCL261030P00026000,CCL,2026-10-30,38,P,26.0,16.49,22.32,3.55,5.0,4.275,3.9,33.9,0.6298,-0.8232,0.0813,-0.0123,0.0186,4.2326,79.7,1,35
CCL261030C00027000,CCL,2026-10-30,38,C,27.0,20.97,22.32,0.12,0.32,0.22,0.2,90.9,0.4876,0.1364,0.0617,-0.01,0.0158,0.2232,10.3,3,41
CCL261030P00027000,CCL,2026-10-30,38,P,27.0,20.97,22.32,3.55,5.95,4.75,4.75,50.5,0.389,-0.8783,0.0651,-0.0101,0.0143,4.6612,93.9,0,4
CCL261120C00017500,CCL,2026-11-20,59,C,17.5,-21.59,22.32,4.8,5.7,5.25,5.35,17.1,0.5958,0.9047,0.0368,-0.0057,0.0151,5.2934,82.2,45,128
CCL261120P00017500,CCL,2026-11-20,59,P,17.5,-21.59,22.32,0.16,0.25,0.205,0.22,43.9,0.4985,-0.0943,0.0371,-0.0064,0.0152,0.2007,12.6,459,777
CCL261120C00019000,CCL,2026-11-20,59,C,19.0,-14.87,22.32,3.5,4.45,3.975,4.8,23.9,0.544,0.8244,0.0584,-0.009,0.0231,4.0133,74.4,1,159
CCL261120P00019000,CCL,2026-11-20,59,P,19.0,-14.87,22.32,0.4,0.49,0.445,0.45,20.2,0.4866,-0.1752,0.0589,-0.0095,0.0232,0.4354,22.4,60,515
CCL261120C00020000,CCL,2026-11-20,59,C,20.0,-10.39,22.32,2.86,3.25,3.055,3.1,12.8,0.4656,0.752,0.0727,-0.0111,0.0283,3.0901,70.1,409,1965
CCL261120P00020000,CCL,2026-11-20,59,P,20.0,-10.39,22.32,0.61,0.76,0.685,0.7,21.9,0.4762,-0.2482,0.0734,-0.0116,0.0284,0.6707,30.5,35,862
CCL261120C00021000,CCL,2026-11-20,59,C,21.0,-5.91,22.32,2.3,2.64,2.47,2.47,13.8,0.4839,0.6681,0.0846,-0.0128,0.0325,2.5001,59.8,370,288
CCL261120P00021000,CCL,2026-11-20,59,P,21.0,-5.91,22.32,0.91,1.09,1.0,1.02,18.0,0.4638,-0.333,0.0856,-0.0131,0.0326,0.9797,39.4,71,4726
CCL261120C00022500,CCL,2026-11-20,59,C,22.5,0.81,22.32,1.56,1.72,1.64,1.66,9.8,0.4698,0.5299,0.0946,-0.0139,0.0356,1.6633,45.9,923,1543
CCL261120P00022500,CCL,2026-11-20,59,P,22.5,0.81,22.32,1.63,1.8,1.715,1.67,9.9,0.4656,-0.4732,0.0961,-0.0141,0.0356,1.6833,54.1,33,3662
CCL261120C00024000,CCL,2026-11-20,59,C,24.0,7.53,22.32,0.98,1.15,1.065,1.14,16.0,0.4706,0.3926,0.0927,-0.0133,0.0344,1.0818,32.9,105,2989
CCL261120P00024000,CCL,2026-11-20,59,P,24.0,7.53,22.32,2.49,3.15,2.82,2.7,23.4,0.5192,-0.6133,0.0949,-0.0134,0.0342,2.7765,66.3,55,4305
CCL261120C00025000,CCL,2026-11-20,59,C,25.0,12.01,22.32,0.69,0.86,0.775,0.76,21.9,0.4691,0.3103,0.0855,-0.0122,0.0316,0.7882,25.4,573,1290
CCL261120P00025000,CCL,2026-11-20,59,P,25.0,12.01,22.32,3.0,3.6,3.3,3.28,18.2,0.4487,-0.6979,0.0882,-0.0122,0.0311,3.2423,75.3,70,16775
CCL261120C00026000,CCL,2026-11-20,59,C,26.0,16.49,22.32,0.4,0.61,0.505,0.58,41.6,0.4504,0.2396,0.0753,-0.0107,0.0279,0.5149,18.5,63,1832
CCL261120P00026000,CCL,2026-11-20,59,P,26.0,16.49,22.32,3.85,4.5,4.175,4.05,15.6,0.4789,-0.7712,0.0785,-0.0106,0.027,4.1078,80.4,37,1958
CCL261120C00027000,CCL,2026-11-20,59,C,27.0,20.97,22.32,0.3,0.47,0.385,0.4,44.2,0.4654,0.1819,0.0638,-0.0091,0.0238,0.3931,14.1,135,2020
CCL261120P00027000,CCL,2026-11-20,59,P,27.0,20.97,22.32,4.1,5.55,4.825,5.2,30.1,0.3857,-0.8317,0.0675,-0.009,0.0223,4.7247,89.7,0,17313
CCL261218C00017000,CCL,2026-12-18,87,C,17.0,-23.84,22.32,5.35,6.75,6.05,5.71,23.1,0.647,0.8935,0.0328,-0.0046,0.0197,6.1005,76.9,0,856
CCL261218P00017000,CCL,2026-12-18,87,P,17.0,-23.84,22.32,0.21,0.35,0.28,0.32,50.0,0.492,-0.1039,0.033,-0.0056,0.0198,0.2746,14.6,0,5946
CCL261218C00018000,CCL,2026-12-18,87,C,18.0,-19.35,22.32,4.2,5.9,5.05,5.4,33.7,0.5525,0.8478,0.0429,-0.0063,0.0254,5.0977,75.7,0,40
CCL261218P00018000,CCL,2026-12-18,87,P,18.0,-19.35,22.32,0.34,0.56,0.45,0.44,48.9,0.4889,-0.1499,0.0433,-0.0071,0.0255,0.4412,20.6,6,149
CCL261218C00019000,CCL,2026-12-18,87,C,19.0,-14.87,22.32,3.3,5.05,4.175,3.96,41.9,0.5018,0.7921,0.0531,-0.0079,0.031,4.2192,71.7,0,45
CCL261218P00019000,CCL,2026-12-18,87,P,19.0,-14.87,22.32,0.59,0.74,0.665,0.61,22.6,0.4801,-0.2062,0.0536,-0.0086,0.0311,0.6521,27.1,36,282
CCL261218C00020000,CCL,2026-12-18,87,C,20.0,-10.39,22.32,3.25,3.6,3.425,3.25,10.2,0.4792,0.7278,0.0624,-0.0094,0.036,3.4646,65.3,115,4075
CCL261218P00020000,CCL,2026-12-18,87,P,20.0,-10.39,22.32,0.94,1.04,0.99,0.98,10.1,0.4839,-0.2712,0.0631,-0.0099,0.0361,0.9716,34.9,23,12654
CCL261218C00021000,CCL,2026-12-18,87,C,21.0,-5.91,22.32,2.46,3.15,2.805,3.02,24.6,0.4748,0.6569,0.0701,-0.0104,0.0399,2.8399,57.5,24,54
CCL261218P00021000,CCL,2026-12-18,87,P,21.0,-5.91,22.32,1.12,1.43,1.275,1.33,24.3,0.4572,-0.343,0.0711,-0.0109,0.04,1.2506,41.9,23,883
CCL261218C00022000,CCL,2026-12-18,87,C,22.0,-1.43,22.32,2.15,2.41,2.28,2.1,11.4,0.4748,0.5818,0.0754,-0.0111,0.0424,2.3103,49.5,329,1333
CCL261218P00022000,CCL,2026-12-18,87,P,22.0,-1.43,22.32,1.7,1.88,1.79,1.59,10.1,0.4693,-0.4194,0.0767,-0.0114,0.0424,1.7582,50.4,27,19954
CCL261218C00023000,CCL,2026-12-18,87,C,23.0,3.05,22.32,1.55,1.86,1.705,1.81,18.2,0.4454,0.5054,0.0778,-0.0113,0.0433,1.7302,42.0,180,8450
CCL261218P00023000,CCL,2026-12-18,87,P,23.0,3.05,22.32,2.2,2.44,2.32,2.08,10.3,0.4655,-0.4974,0.0795,-0.0115,0.0433,2.2793,58.1,518,6282
CCL261218C00024000,CCL,2026-12-18,87,C,24.0,7.53,22.32,1.35,1.57,1.46,1.35,15.1,0.4757,0.4308,0.0773,-0.0111,0.0427,1.482,34.9,1280,2916
CCL261218P00024000,CCL,2026-12-18,87,P,24.0,7.53,22.32,2.79,3.05,2.92,2.74,8.9,0.4606,-0.5739,0.0794,-0.0112,0.0425,2.8694,65.3,6,2186
CCL261218C00025000,CCL,2026-12-18,87,C,25.0,12.01,22.32,1.03,1.21,1.12,1.0,16.1,0.4685,0.3609,0.074,-0.0106,0.0407,1.1381,28.5,526,3344
CCL261218P00025000,CCL,2026-12-18,87,P,25.0,12.01,22.32,3.45,3.8,3.625,3.65,9.7,0.4642,-0.646,0.0766,-0.0105,0.0402,3.5633,71.6,22,27215
CCL261218C00026000,CCL,2026-12-18,87,C,26.0,16.49,22.32,0.79,0.89,0.84,0.85,11.9,0.4608,0.2978,0.0687,-0.0098,0.0378,0.8547,22.7,65,662
CCL261218P00026000,CCL,2026-12-18,87,P,26.0,16.49,22.32,3.9,4.65,4.275,4.1,17.5,0.4366,-0.7115,0.0717,-0.0096,0.0369,4.1973,78.2,9,2818
CCL261218C00027000,CCL,2026-12-18,87,C,27.0,20.97,22.32,0.6,0.68,0.64,0.65,12.5,0.4603,0.2428,0.062,-0.0088,0.0341,0.6522,18.0,89,3497
CCL261218P00027000,CCL,2026-12-18,87,P,27.0,20.97,22.32,4.65,5.95,5.3,4.75,24.5,0.5004,-0.7692,0.0655,-0.0086,0.0328,5.2167,80.6,157,17079
CCL270115C00017000,CCL,2027-01-15,115,C,17.0,-23.84,22.32,5.55,6.9,6.225,5.95,21.7,0.6258,0.8686,0.0332,-0.0048,0.026,6.3273,73.7,0,757
CCL270115P00017000,CCL,2027-01-15,115,P,17.0,-23.84,22.32,0.34,0.51,0.425,0.42,40.0,0.4896,-0.1268,0.0335,-0.0055,0.0261,0.4107,18.4,1,12427
CCL270115C00018000,CCL,2027-01-15,115,C,18.0,-19.35,22.32,4.75,5.5,5.125,5.4,14.6,0.5073,0.8239,0.0413,-0.006,0.0318,5.2235,74.5,2,34
CCL270115P00018000,CCL,2027-01-15,115,P,18.0,-19.35,22.32,0.41,0.68,0.545,0.62,49.5,0.4582,-0.172,0.0418,-0.0067,0.0319,0.5258,22.5,120,583
CCL270115C00019000,CCL,2027-01-15,115,C,19.0,-14.87,22.32,4.05,5.1,4.575,4.45,23.0,0.5454,0.7716,0.0492,-0.0072,0.0373,4.6652,66.1,35,43
CCL270115P00019000,CCL,2027-01-15,115,P,19.0,-14.87,22.32,0.83,0.93,0.88,0.78,11.4,0.4778,-0.2249,0.0499,-0.0078,0.0375,0.8521,30.4,30,1839
CCL270115C00020000,CCL,2027-01-15,115,C,20.0,-10.39,22.32,3.35,4.05,3.7,3.75,18.9,0.4841,0.7129,0.0564,-0.0082,0.0422,3.7834,62.3,63,2200
CCL270115P00020000,CCL,2027-01-15,115,P,20.0,-10.39,22.32,1.1,1.26,1.18,1.22,13.6,0.4675,-0.2844,0.0572,-0.0087,0.0423,1.1433,36.9,670,20930
CCL270115C00021000,CCL,2027-01-15,115,C,21.0,-5.91,22.32,2.85,3.2,3.025,3.05,11.6,0.4618,0.6493,0.0622,-0.009,0.046,3.0998,56.1,0,61
CCL270115P00021000,CCL,2027-01-15,115,P,21.0,-5.91,22.32,1.52,1.69,1.605,1.58,10.6,0.4708,-0.3491,0.0633,-0.0094,0.0461,1.5582,44.2,22,3073
CCL270115C00022000,CCL,2027-01-15,115,C,22.0,-1.43,22.32,2.49,2.63,2.56,2.57,5.5,0.4722,0.5829,0.0662,-0.0095,0.0485,2.6316,48.8,123,1005
CCL270115P00022000,CCL,2027-01-15,115,P,22.0,-1.43,22.32,1.95,2.12,2.035,2.03,8.4,0.46,-0.4167,0.0676,-0.0098,0.0486,1.9767,51.0,49,11136
CCL270115C00023000,CCL,2027-01-15,115,C,23.0,3.05,22.32,1.95,2.17,2.06,2.08,10.7,0.4592,0.5161,0.0681,-0.0097,0.0496,2.1182,42.2,187,1732
CCL270115P00023000,CCL,2027-01-15,115,P,23.0,3.05,22.32,2.33,2.74,2.535,2.57,16.2,0.4499,-0.4852,0.0699,-0.0099,0.0496,2.4637,57.7,7,2575
CCL270115C00024000,CCL,2027-01-15,115,C,24.0,7.53,22.32,1.63,1.8,1.715,1.61,9.9,0.4658,0.4509,0.0681,-0.0097,0.0493,1.7658,35.9,18,7825
CCL270115P00024000,CCL,2027-01-15,115,P,24.0,7.53,22.32,3.05,3.3,3.175,3.25,7.9,0.4546,-0.5522,0.0702,-0.0098,0.0491,3.0896,64.2,62,1241
CCL270115C00025000,CCL,2027-01-15,115,C,25.0,12.01,22.32,1.35,1.43,1.39,1.37,5.8,0.4646,0.3891,0.0662,-0.0094,0.0478,1.4336,30.3,550,4897
CCL270115P00025000,CCL,2027-01-15,115,P,25.0,12.01,22.32,3.7,4.0,3.85,3.82,7.8,0.454,-0.6161,0.0687,-0.0094,0.0473,3.7493,69.9,2,23973
CCL270115C00026000,CCL,2027-01-15,115,C,26.0,16.49,22.32,1.0,1.17,1.085,1.07,15.7,0.4563,0.3322,0.0629,-0.0089,0.0453,1.122,25.0,18,323
CCL270115P00026000,CCL,2027-01-15,115,P,26.0,16.49,22.32,4.1,4.8,4.45,4.56,15.7,0.4235,-0.6755,0.0658,-0.0088,0.0444,4.3278,76.0,0,553
CCL270115C00027000,CCL,2027-01-15,115,C,27.0,20.97,22.32,0.81,0.94,0.875,0.88,14.9,0.4583,0.2808,0.0584,-0.0082,0.0422,0.9062,20.6,52,4706
CCL270115P00027000,CCL,2027-01-15,115,P,27.0,20.97,22.32,4.9,5.65,5.275,5.39,14.2,0.4314,-0.7295,0.0618,-0.0081,0.0408,5.1349,80.4,0,7173
CCL270319C00017000,CCL,2027-03-19,178,C,17.0,-23.84,22.32,5.5,6.4,5.95,6.2,15.1,0.4128,0.8349,0.0313,-0.0038,0.0374,6.0981,80.7,10,6
CCL270319P00017000,CCL,2027-03-19,178,P,17.0,-23.84,22.32,0.58,0.89,0.735,0.81,42.2,0.4887,-0.158,0.0317,-0.005,0.0376,0.7113,24.7,0,5005
CCL270319C00018000,CCL,2027-03-19,178,C,18.0,-19.35,22.32,5.15,6.05,5.6,5.35,16.1,0.5087,0.7936,0.0367,-0.0047,0.0433,5.7351,68.5,0,174
CCL270319P00018000,CCL,2027-03-19,178,P,18.0,-19.35,22.32,0.88,1.16,1.02,0.99,27.5,0.4899,-0.2003,0.0373,-0.0058,0.0436,0.9857,30.3,0,4474
CCL270319C00019000,CCL,2027-03-19,178,C,19.0,-14.87,22.32,4.45,5.1,4.775,5.25,13.6,0.47,0.7478,0.0418,-0.0055,0.0487,4.9018,65.0,0,5
CCL270319P00019000,CCL,2027-03-19,178,P,19.0,-14.87,22.32,1.13,1.47,1.3,1.32,26.2,0.4787,-0.2469,0.0426,-0.0064,0.049,1.2568,35.5,3,1320
CCL270319C00020000,CCL,2027-03-19,178,C,20.0,-10.39,22.32,4.1,4.35,4.225,4.2,5.9,0.4791,0.6985,0.0464,-0.0062,0.0534,4.3418,58.7,2,285
CCL270319P00020000,CCL,2027-03-19,178,P,20.0,-10.39,22.32,1.48,1.7,1.59,1.6,13.8,0.4605,-0.2973,0.0474,-0.0069,0.0537,1.5365,40.5,10,2982
CCL270319C00021000,CCL,2027-03-19,178,C,21.0,-5.91,22.32,3.4,4.3,3.85,3.55,23.4,0.5075,0.6466,0.0502,-0.0067,0.0571,3.9574,52.0,0,60
CCL270319P00021000,CCL,2027-03-19,178,P,21.0,-5.91,22.32,1.78,2.26,2.02,2.05,23.8,0.4589,-0.3505,0.0515,-0.0073,0.0574,1.9536,46.4,105,5564
CCL270319C00022000,CCL,2027-03-19,178,C,22.0,-1.43,22.32,2.8,3.55,3.175,3.01,23.6,0.474,0.5931,0.053,-0.0071,0.0597,3.2726,47.5,3,231
CCL270319P00022000,CCL,2027-03-19,178,P,22.0,-1.43,22.32,2.31,2.67,2.49,2.59,14.5,0.4543,-0.4056,0.0547,-0.0075,0.0599,2.4094,52.1,34,276
CCL270319C00023000,CCL,2027-03-19,178,C,23.0,3.05,22.32,2.52,2.84,2.68,2.61,11.9,0.4634,0.5392,0.0548,-0.0073,0.0612,2.7678,42.3,45,284
CCL270319P00023000,CCL,2027-03-19,178,P,23.0,3.05,22.32,3.0,3.2,3.1,3.0,6.5,0.4635,-0.4613,0.0568,-0.0075,0.0612,3.0041,57.7,35,6949
CCL270319C00024000,CCL,2027-03-19,178,C,24.0,7.53,22.32,2.16,2.44,2.3,2.25,12.2,0.4635,0.486,0.0556,-0.0074,0.0616,2.3788,37.2,1,362
CCL270319P00024000,CCL,2027-03-19,178,P,24.0,7.53,22.32,3.6,3.8,3.7,3.55,5.4,0.4622,-0.5167,0.058,-0.0074,0.0613,3.5871,62.8,63,292
CCL270319C00025000,CCL,2027-03-19,178,C,25.0,12.01,22.32,1.8,1.93,1.865,1.83,7.0,0.4468,0.4346,0.0552,-0.0073,0.0609,1.934,32.4,19,919
CCL270319P00025000,CCL,2027-03-19,178,P,25.0,12.01,22.32,4.05,4.6,4.325,4.2,12.7,0.457,-0.5706,0.0581,-0.0072,0.0603,4.1939,67.5,7,4624
CCL270319C00026000,CCL,2027-03-19,178,C,26.0,16.49,22.32,1.34,1.76,1.55,1.5,27.1,0.4422,0.3859,0.054,-0.0072,0.0592,1.6107,27.9,20,131
CCL270319P00026000,CCL,2027-03-19,178,P,26.0,16.49,22.32,4.55,5.2,4.875,4.95,13.3,0.4305,-0.6221,0.0573,-0.0069,0.0582,4.7186,72.3,0,84
CCL270319C00027000,CCL,2027-03-19,178,C,27.0,20.97,22.32,1.09,1.45,1.27,1.28,28.3,0.4363,0.3405,0.052,-0.0069,0.0568,1.3229,23.8,14,31
CCL270319P00027000,CCL,2027-03-19,178,P,27.0,20.97,22.32,4.65,6.2,5.425,4.62,28.6,0.3921,-0.6707,0.0558,-0.0064,0.0553,5.2326,77.7,0,6
CCL270416C00017000,CCL,2027-04-16,206,C,17.0,-23.84,22.32,6.1,7.35,6.725,6.6,18.6,0.569,0.8231,0.0301,-0.0038,0.042,6.8811,68.3,0,103
CCL270416P00017000,CCL,2027-04-16,206,P,17.0,-23.84,22.32,0.77,0.98,0.875,0.86,24.0,0.4906,-0.1693,0.0306,-0.0049,0.0422,0.8449,26.9,1,2
CCL270416C00018000,CCL,2027-04-16,206,C,18.0,-19.35,22.32,5.35,6.6,5.975,5.6,20.9,0.5459,0.7837,0.0347,-0.0046,0.0478,6.1231,64.6,0,23
CCL270416P00018000,CCL,2027-04-16,206,P,18.0,-19.35,22.32,0.96,1.3,1.13,1.17,30.1,0.4815,-0.2094,0.0354,-0.0055,0.0481,1.0909,31.7,0,152
CCL270416C00019000,CCL,2027-04-16,206,C,19.0,-14.87,22.32,4.65,6.1,5.375,5.15,27.0,0.5454,0.7407,0.039,-0.0053,0.0531,5.5134,59.6,0,5
CCL270416P00019000,CCL,2027-04-16,206,P,19.0,-14.87,22.32,1.25,1.59,1.42,1.41,23.9,0.4708,-0.2533,0.0399,-0.0061,0.0534,1.3713,36.6,0,93
CCL270416C00020000,CCL,2027-04-16,206,C,20.0,-10.39,22.32,4.1,5.2,4.65,4.85,23.7,0.5152,0.6949,0.0429,-0.0058,0.0576,4.7793,55.9,0,3
CCL270416P00020000,CCL,2027-04-16,206,P,20.0,-10.39,22.32,1.6,2.0,1.8,1.82,22.2,0.4673,-0.3007,0.044,-0.0065,0.058,1.7364,42.0,0,720
CCL270416C00021000,CCL,2027-04-16,206,C,21.0,-5.91,22.32,3.55,4.6,4.075,4.6,25.8,0.505,0.647,0.0461,-0.0063,0.0612,4.1947,51.2,0,246
CCL270416P00021000,CCL,2027-04-16,206,P,21.0,-5.91,22.32,1.98,2.42,2.2,2.28,20.0,0.4594,-0.3496,0.0475,-0.0068,0.0616,2.1257,47.2,13,47
CCL270416C00022000,CCL,2027-04-16,206,C,22.0,-1.43,22.32,3.1,4.05,3.575,3.3,26.6,0.4998,0.5978,0.0487,-0.0066,0.0639,3.6847,46.4,0,78
CCL270416P00022000,CCL,2027-04-16,206,P,22.0,-1.43,22.32,2.49,2.93,2.71,2.83,16.2,0.4605,-0.4005,0.0504,-0.007,0.0642,2.621,52.6,0,142
CCL270416C00023000,CCL,2027-04-16,206,C,23.0,3.05,22.32,2.53,3.3,2.915,2.95,26.4,0.4635,0.5482,0.0504,-0.0068,0.0656,3.0139,42.3,4,799
CCL270416P00023000,CCL,2027-04-16,206,P,23.0,3.05,22.32,3.0,3.5,3.25,3.29,15.4,0.458,-0.452,0.0525,-0.0071,0.0656,3.1441,57.7,10,198
CCL270416C00024000,CCL,2027-04-16,206,C,24.0,7.53,22.32,2.43,2.66,2.545,2.7,9.0,0.4651,0.4992,0.0513,-0.0069,0.0662,2.6348,37.5,24,235
CCL270416P00024000,CCL,2027-04-16,206,P,24.0,7.53,22.32,3.85,4.0,3.925,3.76,3.8,0.4686,-0.5034,0.0538,-0.007,0.066,3.8025,62.5,0,131
CCL270416C00025000,CCL,2027-04-16,206,C,25.0,12.01,22.32,2.09,2.32,2.205,2.15,10.4,0.4646,0.4514,0.0513,-0.0069,0.0658,2.2861,33.2,0,687
CCL270416P00025000,CCL,2027-04-16,206,P,25.0,12.01,22.32,4.05,5.25,4.65,4.46,25.8,0.4798,-0.5538,0.0543,-0.0069,0.0653,4.5094,66.7,0,21
CCL270416C00026000,CCL,2027-04-16,206,C,26.0,16.49,22.32,1.58,2.01,1.795,1.73,24.0,0.447,0.4057,0.0506,-0.0068,0.0645,1.8661,28.9,0,9
CCL270416P00026000,CCL,2027-04-16,206,P,26.0,16.49,22.32,4.35,5.6,4.975,4.45,25.1,0.4219,-0.6024,0.054,-0.0066,0.0635,4.8024,71.5,0,25
CCL270416C00027000,CCL,2027-04-16,206,C,27.0,20.97,22.32,1.3,1.74,1.52,1.6,28.9,0.4441,0.3626,0.0492,-0.0065,0.0624,1.5833,25.2,3,80
CCL270416P00027000,CCL,2027-04-16,206,P,27.0,20.97,22.32,4.65,6.6,5.625,6.15,34.7,0.4058,-0.6487,0.0531,-0.0063,0.0609,5.4211,75.9,0,5
